company,email,domain,tier,segment,warmth_score,icp_fit_score,buyer_roles,opportunity_hypothesis,why_now
Redwood Logistics,unknown@redwoodlogistics.com,redwoodlogistics.com,A,Logistics,9,9,CFO|Head of Risk|VP Supply Chain,"Redwood Logistics manages high-volume freight across weather-prone Midwest and national routes, facing recurring disruptions from storms and supply chain delays. Marketry’s parametric prediction markets enable real-time hedging of weather-driven route risks and fuel volatility, turning uncertainty into a financial lever that protects margins without static insurance contracts.",Increased frequency of extreme weather events in 2026 combined with tightening freight capacity and rising fuel costs are forcing 3PLs to move beyond reactive contracting to proactive parametric risk transfer.
MoLo Solutions,unknown@shipmolo.com,shipmolo.com,A,Logistics,9,9,CFO|Head of Risk|VP Supply Chain,"MoLo Solutions operates a digital freight brokerage with exposure to volatile truckload pricing and regional weather events impacting carrier availability. Marketry allows them to price and hedge parametric triggers for fuel spikes and storm delays in real time, unlocking faster decision-making and margin protection on thousands of daily shipments.","Tightening driver shortages and 2026 weather volatility are compressing freight margins, pushing operators to adopt financial primitives for uncertainty instead of absorbing losses in spot markets."
Grane Transportation,unknown@gograne.com,gograne.com,A,Logistics,9,9,Head of Operations|Treasurer|CFO,"Grane provides dedicated fleet and logistics services in the Chicago Midwest corridor, exposed to recurring winter weather and supply chain bottlenecks. Marketry’s markets let them hedge parametric weather and operational disruption risks directly, improving cash flow predictability and operational resilience.",Midwest winter volatility and ongoing supply chain fragility in 2026 are driving dedicated carriers to seek real-time risk pricing tools to safeguard fleet utilization and client commitments.
Power Construction,unknown@powerconstruction.net,powerconstruction.net,A,Infrastructure/Construction,9,9,CFO|Head of Risk|Treasurer,"Power Construction delivers complex infrastructure projects in the Midwest, facing material cost volatility from energy prices and weather delays on job sites. Marketry enables parametric hedging of energy volatility and weather events, converting project risk into tradable financial instruments that protect bid margins.",Rising construction material and energy costs plus extreme weather delays in 2026 infrastructure projects are forcing contractors to integrate prediction markets for precise risk pricing and faster capital allocation.
Bulley & Andrews,unknown@bulley.com,bulley.com,A,Infrastructure/Construction,9,9,CFO|Head of Risk,"Bulley & Andrews executes high-value commercial and institutional builds in Chicago, with exposure to supply chain disruptions and weather-impacted timelines. Marketry’s real-time markets allow hedging of key parametric risks, improving project forecasting and financial outcomes.","Chicago-area construction boom meets 2026 supply chain volatility and weather risks, compelling firms to adopt advanced risk transfer beyond traditional insurance."
Produce Alliance,unknown@producealliance.com,producealliance.com,A,Agriculture/Food Production,9,9,Head of Risk|CFO|VP Supply Chain,"Produce Alliance coordinates fresh produce distribution for foodservice operators, vulnerable to weather-driven crop yield and transportation volatility. Marketry’s parametric markets hedge weather events and supply disruptions in real time, stabilizing procurement costs and margins.",2026 climate volatility impacting Midwest agriculture and tight fresh produce margins are pushing distributors to use prediction markets for proactive hedging instead of post-event losses.
Midwest Foods,unknown@midwestfoods.com,midwestfoods.com,A,Agriculture/Food Production,9,9,CFO|Head of Risk|Energy Procurement Lead,"Midwest Foods sources and distributes food products with heavy exposure to energy costs for cold chain and commodity price swings. Marketry enables real-time pricing of energy volatility and weather risks, providing a new lever for margin protection.",Energy price spikes and seasonal weather risks in 2026 food supply chains are forcing processors and distributors to seek financial tools for parametric risk beyond fixed contracts.
CJ Logistics America,unknown@cjlogisticsamerica.com,cjlogisticsamerica.com,A,Logistics,8,9,VP Supply Chain|Head of Risk|CFO,"CJ Logistics America handles integrated supply chain services in the Chicago hub, facing weather and geopolitical disruptions. Marketry’s markets allow parametric hedging of route and fuel risks, enhancing operational speed and financial predictability.","Geopolitical tensions and Midwest weather events in 2026 are amplifying supply chain volatility, driving 3PLs toward real-time risk markets for competitive edge."
Arrive Logistics,unknown@arrivelogistics.com,arrivelogistics.com,A,Logistics,9,8,CFO|Head of Risk|VP Supply Chain,"Arrive Logistics brokers high-volume freight with exposure to carrier capacity and weather volatility. Marketry provides prediction markets to hedge parametric triggers, turning risk into tradable opportunities that protect brokerage margins.","Freight market tightening and extreme weather in 2026 are compelling brokers to adopt parametric hedging for faster, data-driven decisions."
Pando,unknown@pando.com,pando.com,A,Logistics,9,8,Head of Operations|CFO,"Pando offers digital supply chain visibility, but underlying operations face recurring disruption risks. Marketry layers parametric risk markets on top, enabling clients to hedge weather and delay events directly.","2026 rise in visibility tech adoption coincides with heightened disruption volatility, creating demand for integrated prediction market hedging."
Cargomatic,unknown@cargomatic.com,cargomatic.com,B,Logistics,7,8,VP Supply Chain|Head of Risk,"Cargomatic connects local drivers with last-mile needs, exposed to urban weather and fuel volatility. Marketry’s markets hedge parametric events, improving reliability and financial outcomes for gig-economy logistics.","Urban delivery growth meets 2026 weather and fuel risks, pushing platforms toward parametric tools for margin stability."
TransLoop,unknown@transloop.com,transloop.com,A,Logistics,9,8,CFO|Treasurer,"TransLoop provides truckload brokerage services with weather-sensitive routes. Marketry enables real-time hedging of disruption risks, unlocking capital efficiency.",Spot market volatility and weather events in 2026 are driving brokers to prediction markets for proactive risk management.
Worldwide Express,unknown@wwex.com,wwex.com,B,Logistics,7,7,Head of Risk|CFO,"Worldwide Express manages global and domestic freight, with exposure to energy and weather volatility. Marketry’s parametric markets offer a new primitive for real-time risk transfer.",Global supply chain pressures and energy volatility in 2026 make parametric hedging a timely lever for mid-sized forwarders.
Quickbox Fulfillment,unknown@quickbox.com,quickbox.com,B,Logistics,8,7,Head of Operations|VP Supply Chain,"Quickbox handles e-commerce fulfillment with cold chain and weather-dependent shipping. Marketry hedges parametric weather and energy risks, protecting fulfillment SLAs and margins.",E-commerce boom and 2026 weather volatility are forcing fulfillment providers to integrate risk markets for operational resilience.
Avenue Logistics,unknown@avenuelogistics.com,avenuelogistics.com,B,Logistics,8,8,CFO|VP Supply Chain,"Avenue Logistics focuses on dedicated fleet backhaul, exposed to fuel and weather risks. Marketry allows real-time parametric hedging, improving fleet utilization economics.",Dedicated capacity shortages and fuel volatility in 2026 push fleet operators toward prediction markets.
Graf Air Freight,unknown@grafairfreight.com,grafairfreight.com,C,Logistics,6,7,Head of Risk|Treasurer,Graf specializes in time-sensitive air freight with weather exposure at hubs. Marketry’s markets hedge parametric flight disruption risks.,Air cargo volatility from weather in 2026 creates opportunity for parametric risk transfer in mission-critical shipments.
Maestro Cargo,unknown@maestrocargo.com,maestrocargo.com,C,Logistics,6,6,Head of Operations,Maestro handles bonded warehouse and O'Hare cargo with weather and operational risks. Marketry enables hedging of parametric delays.,"Airport hub operations face ongoing weather disruptions in 2026, driving demand for real-time risk pricing."
All Truck Transportation,unknown@alltruck.com,alltruck.com,B,Logistics,8,8,CFO|Head of Risk,All Truck operates regional trucking with weather and fuel exposure. Marketry’s prediction markets hedge these parametric risks directly.,"Regional trucking margins are squeezed by 2026 weather and fuel trends, favoring parametric hedging."
LoadDelivered,unknown@loaddelivered.com,loaddelivered.com,B,Logistics,8,8,VP Supply Chain|CFO,LoadDelivered provides end-to-end freight management with disruption risks. Marketry layers parametric markets for weather and supply shocks.,"End-to-end logistics faces amplified volatility in 2026, creating need for financial risk primitives."
FLS Transportation,unknown@flstransport.com,flstransport.com,B,Logistics,7,8,Head of Risk|CFO,FLS specializes in cross-border freight with weather and border volatility. Marketry hedges parametric triggers for real-time decision support.,Cross-border trade risks and weather events in 2026 make parametric markets a strategic edge.
C&K Trucking,unknown@cktrucking.com,cktrucking.com,B,Logistics,8,7,Treasurer|Head of Operations,C&K provides intermodal services in Chicago with weather-sensitive rail/truck handoffs. Marketry enables hedging of parametric disruption risks.,Intermodal handoff volatility in 2026 drives need for prediction market tools.
Commodity Forwarders,unknown@cfiperishables.com,cfiperishables.com,C,Agriculture/Food Production,6,8,Head of Risk|CFO,Commodity Forwarders handles perishable cargo with weather and temperature risks. Marketry’s markets hedge parametric events for cold chain protection.,"Perishable logistics faces heightened climate risks in 2026, favoring parametric hedging."
Aries Global Logistics,unknown@ariesgl.com,ariesgl.com,B,Logistics,8,7,CFO|VP Supply Chain,Aries provides international trade logistics with weather and supply risks. Marketry offers real-time parametric risk transfer.,"International trade recovery meets 2026 volatility, creating demand for advanced risk markets."
Global Distribution And Logistics,unknown@gdlusa.com,gdlusa.com,C,Logistics,6,7,Head of Risk,GDL bridges global supply chains with disruption exposure. Marketry hedges parametric weather and energy risks.,"Global distribution faces macro uncertainty in 2026, pushing toward prediction markets."
ShipBob,unknown@shipbob.com,shipbob.com,B,Logistics,8,7,VP Supply Chain|Head of Risk,ShipBob operates nationwide fulfillment with weather-impacted shipping. Marketry enables parametric hedging for network resilience.,"Fulfillment networks scale amid 2026 weather volatility, requiring parametric risk tools."
HMD Trucking,unknown@hmdtrucking.com,hmdtrucking.com,B,Logistics,8,8,CFO|Head of Risk,HMD runs a growing fleet with fuel and weather exposure. Marketry’s markets hedge parametric risks for margin protection.,Fleet expansion in volatile 2026 conditions favors real-time risk pricing.
FourKites,unknown@fourkites.com,fourkites.com,B,Logistics,8,7,Head of Risk|CFO,FourKites provides predictive visibility; Marketry complements with parametric risk transfer for clients.,"Visibility platforms scale amid disruption risks in 2026, creating bundled opportunity for prediction markets."
Cordelio Power,unknown@cordeliopower.com,cordeliopower.com,A,Energy/Renewables,9,9,Energy Procurement Lead|CFO|Head of Risk,"Cordelio Power develops and operates renewable assets with exposure to energy price volatility and weather variability. Marketry’s prediction markets allow real-time hedging of generation uncertainty, improving revenue predictability.",Renewable energy transition and 2026 weather-driven output volatility are accelerating demand for parametric risk markets in power operations.
IHI Terrasun Solutions,unknown@terrasun.com,terrasun.com,A,Energy/Renewables,9,8,Head of Risk|CFO,IHI Terrasun provides solar + storage solutions with energy market volatility. Marketry hedges parametric price and weather risks for project economics.,"Battery storage growth meets energy price swings in 2026, creating opportunity for prediction market hedging."
Camlin Group,unknown@camlin.com,camlin.com,B,Energy/Utilities,7,8,Energy Procurement Lead|Head of Risk,Camlin delivers grid and energy monitoring with exposure to utility volatility. Marketry enables parametric hedging of operational uncertainty.,Grid modernization and macro energy volatility in 2026 drive utilities toward real-time risk tools.
Invenergy,unknown@invenergy.com,invenergy.com,A,Energy/Renewables,9,9,CFO|Head of Risk|Treasurer,"Invenergy develops large-scale wind, solar, and storage projects facing weather and energy price risks. Marketry’s markets provide real-time parametric hedging for project cash flows.","Utility-scale renewable development in 2026 faces heightened weather and price volatility, making parametric markets a critical financial primitive."
LanzaJet,unknown@lanzajet.com,lanzajet.com,A,Energy/Renewables,8,9,Energy Procurement Lead|CFO,LanzaJet produces sustainable aviation fuel with feedstock and energy volatility. Marketry hedges parametric risks in production and supply.,"Sustainable fuel scaling meets commodity volatility in 2026, favoring prediction market risk transfer."
Amp Americas,unknown@ampamericas.com,ampamericas.com,C,Agriculture/Food Production,7,8,Head of Risk|CFO,Amp Americas converts waste to renewable natural gas with energy and operational risks. Marketry enables parametric hedging of production uncertainty.,Biogas production growth amid 2026 energy transitions creates need for advanced risk markets.
Hazel Technologies,unknown@hazel.tech,hazel.tech,C,Agriculture/Food Production,7,7,VP Supply Chain|Head of Risk,Hazel extends produce shelf life but supply chains face weather volatility. Marketry hedges parametric crop and logistics risks.,"Post-harvest tech adoption coincides with 2026 climate impacts on fresh produce, driving parametric hedging demand."
AmericanAg,unknown@americanag.com,americanag.com,B,Agriculture/Food Production,8,8,CFO|Head of Risk,AmericanAg provides ag risk management services with direct exposure to commodity and weather volatility. Marketry layers prediction markets for enhanced parametric coverage.,Commodity price swings and weather events in 2026 ag markets are pushing risk operators toward integrated prediction tools.
Barchart,unknown@barchart.com,barchart.com,B,Commodity-Exposed,8,7,Head of Risk|Treasurer,Barchart delivers commodity data and analytics with internal exposure to market volatility. Marketry enables trading and hedging via prediction markets for decision acceleration.,"Commodity data providers face their own market risks in 2026, creating internal use case for parametric primitives."
Midwest Agri-Commodities,unknown@mwagri.com,mwagri.com,B,Commodity-Exposed,8,8,CFO|Head of Risk,Midwest Agri markets sugar beet co-products with price and weather exposure. Marketry’s markets hedge parametric commodity and supply risks.,Sugar beet supply volatility in 2026 drives commodity marketers to adopt real-time prediction markets.
Chicago Trading Company,unknown@chicagotrading.com,chicagotrading.com,A,Commodity-Exposed,10,9,Head of Risk|Treasurer,Chicago Trading Company executes quant-driven commodity strategies with volatility exposure. Marketry’s parametric markets enhance risk transfer and decision speed for their portfolios.,"Quant trading sophistication in Chicago meets 2026 commodity volatility, making prediction markets a natural extension."
Belvedere Trading,unknown@belvederetrading.com,belvederetrading.com,A,Commodity-Exposed,10,8,Head of Risk|CFO,Belvedere Trading focuses on options and futures with macro uncertainty. Marketry provides new parametric instruments for real-world risk hedging.,Options market making in volatile 2026 environments favors layering prediction markets for operational edge.
Wolverine Trading,unknown@wolverinetrading.com,wolverinetrading.com,A,Commodity-Exposed,10,8,Treasurer|Head of Risk,Wolverine Trading makes markets in commodities and derivatives. Marketry’s platforms allow internal hedging of parametric risks.,"Proprietary trading desks in Chicago face asymmetric volatility in 2026, creating high-fit for Marketry’s primitives."
F.H. Paschen,unknown@fhpaschen.com,fhpaschen.com,A,Infrastructure/Construction,9,9,CFO|Head of Risk,F.H. Paschen leads infrastructure rehabilitation with weather and material volatility. Marketry hedges parametric project risks in real time.,"Chicago infrastructure projects in 2026 face weather and supply risks, driving contractors to parametric financial tools."
Sjostrom & Sons,unknown@sjostrom.com,sjostrom.com,B,Infrastructure/Construction,8,8,Head of Risk|CFO,Sjostrom builds healthcare and institutional projects with timeline volatility. Marketry enables hedging of weather and operational risks.,"Institutional construction in Midwest faces 2026 volatility, favoring prediction market adoption."
Richard Group,unknown@richardgroup.com,richardgroup.com,B,Infrastructure/Construction,8,7,CFO|Treasurer,Richard executes commercial builds with supply chain exposure. Marketry’s markets hedge parametric disruptions for margin protection.,Fast-growing construction in 2026 benefits from real-time risk pricing tools.
Vserve Ebusiness Solutions,unknown@vservesolution.com,vservesolution.com,C,Logistics,6,7,VP Supply Chain|Head of Risk,Vserve optimizes supply chains with predictive analytics but underlying risks remain. Marketry adds parametric hedging layer.,"Supply chain optimization firms encounter volatility in 2026, opening door for integrated risk markets."
